strategy,baseline,domain,cases,smaller_proved_envelope_cases,fewer_actual_comparison_cases,lower_median_time_cases,sum_actual_comparisons,baseline_sum_actual_comparisons,sum_case_median_e2e_ns,baseline_sum_case_median_e2e_ns
p000_two_insertion,single_merge,all,20,10,8,6,1061,875,2388708,1624793
p000_two_insertion,single_merge,ready,20,10,8,6,1061,875,2388708,1624793
p000_two_insertion,single_insertion,all,20,17,13,15,1061,1649,2388708,5917001
p000_two_insertion,single_insertion,ready,20,17,13,15,1061,1649,2388708,5917001
p000_two_insertion,single_hybrid_4,all,20,0,3,4,1061,857,2388708,1525583
p000_two_insertion,single_hybrid_4,ready,20,0,3,4,1061,857,2388708,1525583
p000_two_insertion,single_hybrid_8,all,20,8,9,7,1061,905,2388708,1666752
p000_two_insertion,single_hybrid_8,ready,20,8,9,7,1061,905,2388708,1666752
p000_two_insertion,single_hybrid_16,all,20,9,7,10,1061,1094,2388708,2352956
p000_two_insertion,single_hybrid_16,ready,20,9,7,10,1061,1094,2388708,2352956
p001_two_guarded,single_merge,all,20,0,6,10,851,875,1577123,1624793
p001_two_guarded,single_merge,ready,9,6,6,6,161,245,257373,402084
p001_two_guarded,single_insertion,all,20,8,12,13,851,1649,1577123,5917001
p001_two_guarded,single_insertion,ready,9,6,2,4,161,220,257373,721709
p001_two_guarded,single_hybrid_4,all,20,0,5,7,851,857,1577123,1525583
p001_two_guarded,single_hybrid_4,ready,9,6,3,5,161,220,257373,385542
p001_two_guarded,single_hybrid_8,all,20,0,10,11,851,905,1577123,1666752
p001_two_guarded,single_hybrid_8,ready,9,6,4,5,161,191,257373,348960
p001_two_guarded,single_hybrid_16,all,20,7,10,14,851,1094,1577123,2352956
p001_two_guarded,single_hybrid_16,ready,9,6,1,4,161,160,257373,309041
p002_merge_halves,single_merge,all,20,2,0,5,875,875,1672290,1624793
p002_merge_halves,single_merge,ready,20,2,0,5,875,875,1672290,1624793
p002_merge_halves,single_insertion,all,20,17,13,13,875,1649,1672290,5917001
p002_merge_halves,single_insertion,ready,20,17,13,13,875,1649,1672290,5917001
p002_merge_halves,single_hybrid_4,all,20,0,4,3,875,857,1672290,1525583
p002_merge_halves,single_hybrid_4,ready,20,0,4,3,875,857,1672290,1525583
p002_merge_halves,single_hybrid_8,all,20,15,10,8,875,905,1672290,1666752
p002_merge_halves,single_hybrid_8,ready,20,15,10,8,875,905,1672290,1666752
p002_merge_halves,single_hybrid_16,all,20,17,12,12,875,1094,1672290,2352956
p002_merge_halves,single_hybrid_16,ready,20,17,12,12,875,1094,1672290,2352956
p003_guarded_merge,single_merge,all,20,0,4,8,851,875,1508709,1624793
p003_guarded_merge,single_merge,ready,6,4,4,4,61,137,40667,217875
p003_guarded_merge,single_insertion,all,20,8,12,16,851,1649,1508709,5917001
p003_guarded_merge,single_insertion,ready,6,4,0,5,61,61,40667,157709
p003_guarded_merge,single_hybrid_4,all,20,0,7,8,851,857,1508709,1525583
p003_guarded_merge,single_hybrid_4,ready,6,4,4,6,61,122,40667,189375
p003_guarded_merge,single_hybrid_8,all,20,0,9,12,851,905,1508709,1666752
p003_guarded_merge,single_hybrid_8,ready,6,4,2,6,61,100,40667,159834
p003_guarded_merge,single_hybrid_16,all,20,7,13,16,851,1094,1508709,2352956
p003_guarded_merge,single_hybrid_16,ready,6,4,2,6,61,83,40667,145751
p004_prefix_insertion_merge,single_merge,all,20,1,6,6,909,875,1766082,1624793
p004_prefix_insertion_merge,single_merge,ready,20,1,6,6,909,875,1766082,1624793
p004_prefix_insertion_merge,single_insertion,all,20,8,7,7,909,1649,1766082,5917001
p004_prefix_insertion_merge,single_insertion,ready,20,8,7,7,909,1649,1766082,5917001
p004_prefix_insertion_merge,single_hybrid_4,all,20,0,5,3,909,857,1766082,1525583
p004_prefix_insertion_merge,single_hybrid_4,ready,20,0,5,3,909,857,1766082,1525583
p004_prefix_insertion_merge,single_hybrid_8,all,20,0,4,2,909,905,1766082,1666752
p004_prefix_insertion_merge,single_hybrid_8,ready,20,0,4,2,909,905,1766082,1666752
p004_prefix_insertion_merge,single_hybrid_16,all,20,7,6,6,909,1094,1766082,2352956
p004_prefix_insertion_merge,single_hybrid_16,ready,20,7,6,6,909,1094,1766082,2352956
p005_three_guarded,single_merge,all,20,0,6,8,870,875,1509917,1624793
p005_three_guarded,single_merge,ready,9,6,5,5,185,259,274292,435542
p005_three_guarded,single_insertion,all,20,8,10,12,870,1649,1509917,5917001
p005_three_guarded,single_insertion,ready,9,6,2,3,185,256,274292,724793
p005_three_guarded,single_hybrid_4,all,20,0,4,5,870,857,1509917,1525583
p005_three_guarded,single_hybrid_4,ready,9,6,4,3,185,242,274292,382750
p005_three_guarded,single_hybrid_8,all,20,0,8,10,870,905,1509917,1666752
p005_three_guarded,single_hybrid_8,ready,9,6,4,3,185,224,274292,375084
p005_three_guarded,single_hybrid_16,all,20,7,8,14,870,1094,1509917,2352956
p005_three_guarded,single_hybrid_16,ready,9,6,2,4,185,226,274292,409209
p006_four_guarded,single_merge,all,20,1,5,10,846,875,1483752,1624793
p006_four_guarded,single_merge,ready,12,9,4,7,318,382,512710,639042
p006_four_guarded,single_insertion,all,20,9,13,14,846,1649,1483752,5917001
p006_four_guarded,single_insertion,ready,12,9,5,7,318,464,512710,1443126
p006_four_guarded,single_hybrid_4,all,20,0,6,6,846,857,1483752,1525583
p006_four_guarded,single_hybrid_4,ready,12,4,4,5,318,347,512710,608667
p006_four_guarded,single_hybrid_8,all,20,0,8,10,846,905,1483752,1666752
p006_four_guarded,single_hybrid_8,ready,12,9,3,6,318,318,512710,588585
p006_four_guarded,single_hybrid_16,all,20,8,12,13,846,1094,1483752,2352956
p006_four_guarded,single_hybrid_16,ready,12,9,4,6,318,322,512710,626832
p007_mixed_hybrid,single_merge,all,20,1,5,8,958,875,1807459,1624793
p007_mixed_hybrid,single_merge,ready,20,1,5,8,958,875,1807459,1624793
p007_mixed_hybrid,single_insertion,all,20,17,13,15,958,1649,1807459,5917001
p007_mixed_hybrid,single_insertion,ready,20,17,13,15,958,1649,1807459,5917001
p007_mixed_hybrid,single_hybrid_4,all,20,0,6,7,958,857,1807459,1525583
p007_mixed_hybrid,single_hybrid_4,ready,20,0,6,7,958,857,1807459,1525583
p007_mixed_hybrid,single_hybrid_8,all,20,8,9,9,958,905,1807459,1666752
p007_mixed_hybrid,single_hybrid_8,ready,20,8,9,9,958,905,1807459,1666752
p007_mixed_hybrid,single_hybrid_16,all,20,16,11,14,958,1094,1807459,2352956
p007_mixed_hybrid,single_hybrid_16,ready,20,16,11,14,958,1094,1807459,2352956
p028_split,single_merge,all,20,17,8,12,870,875,1582212,1624793
p028_split,single_merge,ready,20,17,8,12,870,875,1582212,1624793
p028_split,single_insertion,all,20,17,13,13,870,1649,1582212,5917001
p028_split,single_insertion,ready,20,17,13,13,870,1649,1582212,5917001
p028_split,single_hybrid_4,all,20,0,2,5,870,857,1582212,1525583
p028_split,single_hybrid_4,ready,20,0,2,5,870,857,1582212,1525583
p028_split,single_hybrid_8,all,20,15,10,11,870,905,1582212,1666752
p028_split,single_hybrid_8,ready,20,15,10,11,870,905,1582212,1666752
p028_split,single_hybrid_16,all,20,17,12,12,870,1094,1582212,2352956
p028_split,single_hybrid_16,ready,20,17,12,12,870,1094,1582212,2352956
p031_nested,single_merge,all,20,17,8,11,870,875,1585084,1624793
p031_nested,single_merge,ready,20,17,8,11,870,875,1585084,1624793
p031_nested,single_insertion,all,20,17,13,13,870,1649,1585084,5917001
p031_nested,single_insertion,ready,20,17,13,13,870,1649,1585084,5917001
p031_nested,single_hybrid_4,all,20,0,2,5,870,857,1585084,1525583
p031_nested,single_hybrid_4,ready,20,0,2,5,870,857,1585084,1525583
p031_nested,single_hybrid_8,all,20,16,10,9,870,905,1585084,1666752
p031_nested,single_hybrid_8,ready,20,16,10,9,870,905,1585084,1666752
p031_nested,single_hybrid_16,all,20,17,12,12,870,1094,1585084,2352956
p031_nested,single_hybrid_16,ready,20,17,12,12,870,1094,1585084,2352956
p098_split,single_merge,all,20,1,6,8,903,875,1660421,1624793
p098_split,single_merge,ready,20,1,6,8,903,875,1660421,1624793
p098_split,single_insertion,all,20,9,7,7,903,1649,1660421,5917001
p098_split,single_insertion,ready,20,9,7,7,903,1649,1660421,5917001
p098_split,single_hybrid_4,all,20,0,5,2,903,857,1660421,1525583
p098_split,single_hybrid_4,ready,20,0,5,2,903,857,1660421,1525583
p098_split,single_hybrid_8,all,20,7,4,5,903,905,1660421,1666752
p098_split,single_hybrid_8,ready,20,7,4,5,903,905,1660421,1666752
p098_split,single_hybrid_16,all,20,8,6,8,903,1094,1660421,2352956
p098_split,single_hybrid_16,ready,20,8,6,8,903,1094,1660421,2352956
p024_split,single_merge,all,20,17,2,4,898,875,1669668,1624793
p024_split,single_merge,ready,20,17,2,4,898,875,1669668,1624793
p024_split,single_insertion,all,20,17,13,13,898,1649,1669668,5917001
p024_split,single_insertion,ready,20,17,13,13,898,1649,1669668,5917001
p024_split,single_hybrid_4,all,20,0,5,4,898,857,1669668,1525583
p024_split,single_hybrid_4,ready,20,0,5,4,898,857,1669668,1525583
p024_split,single_hybrid_8,all,20,16,9,8,898,905,1669668,1666752
p024_split,single_hybrid_8,ready,20,16,9,8,898,905,1669668,1666752
p024_split,single_hybrid_16,all,20,17,12,12,898,1094,1669668,2352956
p024_split,single_hybrid_16,ready,20,17,12,12,898,1094,1669668,2352956
p027_nested,single_merge,all,20,17,2,4,898,875,1685334,1624793
p027_nested,single_merge,ready,20,17,2,4,898,875,1685334,1624793
p027_nested,single_insertion,all,20,17,13,11,898,1649,1685334,5917001
p027_nested,single_insertion,ready,20,17,13,11,898,1649,1685334,5917001
p027_nested,single_hybrid_4,all,20,0,5,3,898,857,1685334,1525583
p027_nested,single_hybrid_4,ready,20,0,5,3,898,857,1685334,1525583
p027_nested,single_hybrid_8,all,20,16,9,6,898,905,1685334,1666752
p027_nested,single_hybrid_8,ready,20,16,9,6,898,905,1685334,1666752
p027_nested,single_hybrid_16,all,20,17,12,11,898,1094,1685334,2352956
p027_nested,single_hybrid_16,ready,20,17,12,11,898,1094,1685334,2352956
